{
    "loss": 2.886296033859253,
    "accuracy": 0.19218049943447113
}